id,prediction_id,corrected_label,user_id,feedback_source,created_at
3,28,Personal,test_user,manual,2026-03-07 16:22:04.012960
4,31,Personal,test_user,manual,2026-03-07 16:24:30.150818
5,32,Personal,test_user,manual,2026-03-07 16:26:37.304965
6,34,Personal,,incorrect,2026-03-11 17:11:35.030885
7,35,Work,,incorrect,2026-03-11 17:15:29.710190
8,38,Work,,incorrect,2026-03-11 17:15:34.206245
9,39,Work,,incorrect,2026-03-11 17:15:36.074735
10,41,Personal,,incorrect,2026-03-11 17:15:39.086499
11,42,Personal,,incorrect,2026-03-11 17:15:41.110551
12,43,Spam,,incorrect,2026-03-11 17:15:43.044398
13,45,Work,,incorrect,2026-03-11 17:15:46.157323
14,50,Work,,incorrect,2026-03-11 17:15:52.337575
15,51,Work,,incorrect,2026-03-11 17:15:54.150719
16,55,Spam,,incorrect,2026-03-11 17:16:01.900462
17,59,Work,,incorrect,2026-03-11 17:16:06.813897
18,63,Work,,incorrect,2026-03-11 17:16:11.593336
19,64,Work,,incorrect,2026-03-11 17:16:13.464031
20,67,Spam,,incorrect,2026-03-11 17:16:17.454948
21,68,Work,,incorrect,2026-03-11 17:16:19.528894
22,69,Spam,,incorrect,2026-03-11 17:16:21.477336
23,71,Work,,incorrect,2026-03-11 17:16:24.263301
24,76,Promotions,,incorrect,2026-03-11 17:16:32.383782
25,77,Personal,,incorrect,2026-03-11 17:16:34.323743
26,78,Promotions,,incorrect,2026-03-11 17:16:37.100845
27,84,Work,,incorrect,2026-03-11 17:16:44.605241
28,86,Spam,,incorrect,2026-03-11 17:16:47.712007
29,87,Work,,incorrect,2026-03-11 17:16:49.551990
30,89,Work,,incorrect,2026-03-11 17:16:52.513850
31,90,Personal,,incorrect,2026-03-11 17:16:54.280268
